{"files": [{"path": "php/PHPzhidao/0007-Databases/0001-Databases.md", "rname": "0001-Databases.md", "mtime": 1426220432.0, "mode": "file", "name": "0001-Databases.md"}, {"path": "php/PHPzhidao/0007-Databases/0002-MySQL Extension.md", "rname": "0002-MySQL Extension.md", "mtime": 1426220432.0, "mode": "file", "name": "0002-MySQL Extension.md"}, {"path": "php/PHPzhidao/0007-Databases/0003-PDO Extension.md", "rname": "0003-PDO Extension.md", "mtime": 1426220432.0, "mode": "file", "name": "0003-PDO Extension.md"}, {"path": "php/PHPzhidao/0007-Databases/0004-Interacting with Databases.md", "rname": "0004-Interacting with Databases.md", "mtime": 1426220432.0, "mode": "file", "name": "0004-Interacting with Databases.md"}, {"path": "php/PHPzhidao/0007-Databases/0005-Abstraction Layers.md", "rname": "0005-Abstraction Layers.md", "mtime": 1426220432.0, "mode": "file", "name": "0005-Abstraction Layers.md"}], "rname": "0007-Databases", "name": "0007-Databases", "mode": "tree", "mtime": 1426220432.0, "path": "php/PHPzhidao/0007-Databases"}