{"files": [{"path": "php/PHPzhidao/0009-Errors and Exceptions/0001-Errors and Exceptions.md", "rname": "0001-Errors and Exceptions.md", "mtime": 1426220432.0, "mode": "file", "name": "0001-Errors and Exceptions.md"}, {"path": "php/PHPzhidao/0009-Errors and Exceptions/0002-Errors.md", "rname": "0002-Errors.md", "mtime": 1426220432.0, "mode": "file", "name": "0002-Errors.md"}, {"path": "php/PHPzhidao/0009-Errors and Exceptions/0003-Exceptions.md", "rname": "0003-Exceptions.md", "mtime": 1426220432.0, "mode": "file", "name": "0003-Exceptions.md"}], "rname": "0009-Errors and Exceptions", "name": "0009-Errors and Exceptions", "mode": "tree", "mtime": 1426220432.0, "path": "php/PHPzhidao/0009-Errors and Exceptions"}