{"files": [{"path": "php/PHPzhidao/0006-yilaizhuru/0001-yilaizhuru.md", "rname": "0001-\u4f9d\u8d56\u6ce8\u5165.md", "mtime": 1426813720.0, "mode": "file", "name": "0001-yilaizhuru.md"}, {"path": "php/PHPzhidao/0006-yilaizhuru/0002-jibengainian.md", "rname": "0002-\u57fa\u672c\u6982\u5ff5.md", "mtime": 1426813720.0, "mode": "file", "name": "0002-jibengainian.md"}, {"path": "php/PHPzhidao/0006-yilaizhuru/0003-fuzadiwenti.md", "rname": "0003-\u590d\u6742\u7684\u95ee\u9898.md", "mtime": 1426813720.0, "mode": "file", "name": "0003-fuzadiwenti.md"}, {"path": "php/PHPzhidao/0006-yilaizhuru/0004-rongqi.md", "rname": "0004-\u5bb9\u5668.md", "mtime": 1426813720.0, "mode": "file", "name": "0004-rongqi.md"}, {"path": "php/PHPzhidao/0006-yilaizhuru/0005-yanshenyuedu.md", "rname": "0005-\u5ef6\u4f38\u9605\u8bfb.md", "mtime": 1426813720.0, "mode": "file", "name": "0005-yanshenyuedu.md"}], "rname": "0006-\u4f9d\u8d56\u6ce8\u5165", "name": "0006-yilaizhuru", "mode": "tree", "mtime": 1426813720.0, "path": "php/PHPzhidao/0006-yilaizhuru"}