{"files": [{"path": "php/PHPzhidao/0007-shujuku/0001-shujuku.md", "rname": "0001-\u6570\u636e\u5e93.md", "mtime": 1426480268.0, "mode": "file", "name": "0001-shujuku.md"}, {"path": "php/PHPzhidao/0007-shujuku/0002-MySQL kuozhan.md", "rname": "0002-MySQL \u6269\u5c55.md", "mtime": 1426480268.0, "mode": "file", "name": "0002-MySQL kuozhan.md"}, {"path": "php/PHPzhidao/0007-shujuku/0003-PDO kuozhan.md", "rname": "0003-PDO \u6269\u5c55.md", "mtime": 1426480268.0, "mode": "file", "name": "0003-PDO kuozhan.md"}, {"path": "php/PHPzhidao/0007-shujuku/0004-shujukujiaohu.md", "rname": "0004-\u6570\u636e\u5e93\u4ea4\u4e92.md", "mtime": 1426480268.0, "mode": "file", "name": "0004-shujukujiaohu.md"}, {"path": "php/PHPzhidao/0007-shujuku/0005-shujukuchouxiangceng.md", "rname": "0005-\u6570\u636e\u5e93\u62bd\u8c61\u5c42.md", "mtime": 1426480268.0, "mode": "file", "name": "0005-shujukuchouxiangceng.md"}], "rname": "0007-\u6570\u636e\u5e93", "name": "0007-shujuku", "mode": "tree", "mtime": 1426480268.0, "path": "php/PHPzhidao/0007-shujuku"}