{"files": [{"path": "php/PHPzhidao/0005-kaifashijian/0001-kaifashijian.md", "rname": "0001-\u5f00\u53d1\u5b9e\u8df5.md", "mtime": 1431240221.0, "mode": "file", "name": "0001-kaifashijian.md"}, {"path": "php/PHPzhidao/0005-kaifashijian/0002-jichuzhishi.md", "rname": "0002-\u57fa\u7840\u77e5\u8bc6.md", "mtime": 1431240221.0, "mode": "file", "name": "0002-jichuzhishi.md"}, {"path": "php/PHPzhidao/0005-kaifashijian/0003-riqiheshijian.md", "rname": "0003-\u65e5\u671f\u548c\u65f6\u95f4.md", "mtime": 1431240221.0, "mode": "file", "name": "0003-riqiheshijian.md"}, {"path": "php/PHPzhidao/0005-kaifashijian/0004-shejimoshi.md", "rname": "0004-\u8bbe\u8ba1\u6a21\u5f0f.md", "mtime": 1431240221.0, "mode": "file", "name": "0004-shejimoshi.md"}, {"path": "php/PHPzhidao/0005-kaifashijian/0005-shiyong UTF-8 bianma.md", "rname": "0005-\u4f7f\u7528 UTF-8 \u7f16\u7801.md", "mtime": 1431240221.0, "mode": "file", "name": "0005-shiyong UTF-8 bianma.md"}], "rname": "0005-\u5f00\u53d1\u5b9e\u8df5", "name": "0005-kaifashijian", "mode": "tree", "mtime": 1431240221.0, "path": "php/PHPzhidao/0005-kaifashijian"}