{"files": [{"path": "php/PHPzhidao/0017-Community/0001-Community.md", "rname": "0001-Community.md", "mtime": 1426220432.0, "mode": "file", "name": "0001-Community.md"}, {"path": "php/PHPzhidao/0017-Community/0002-PHP User Groups.md", "rname": "0002-PHP User Groups.md", "mtime": 1426220432.0, "mode": "file", "name": "0002-PHP User Groups.md"}, {"path": "php/PHPzhidao/0017-Community/0003-PHP Conferences.md", "rname": "0003-PHP Conferences.md", "mtime": 1426220432.0, "mode": "file", "name": "0003-PHP Conferences.md"}], "rname": "0017-Community", "name": "0017-Community", "mode": "tree", "mtime": 1426220432.0, "path": "php/PHPzhidao/0017-Community"}