{"files": [{"path": "php/PHPzhidao/0015-Documenting your Code/0001-Documenting your Code.md", "rname": "0001-Documenting your Code.md", "mtime": 1426220432.0, "mode": "file", "name": "0001-Documenting your Code.md"}, {"path": "php/PHPzhidao/0015-Documenting your Code/0002-PHPDoc.md", "rname": "0002-PHPDoc.md", "mtime": 1426220432.0, "mode": "file", "name": "0002-PHPDoc.md"}], "rname": "0015-Documenting your Code", "name": "0015-Documenting your Code", "mode": "tree", "mtime": 1426220432.0, "path": "php/PHPzhidao/0015-Documenting your Code"}