{"files": [{"path": "php/PHPzhidao/0001-rumenzhinan/0002-shiyongdangqianwendingbanben (5.6).md", "rname": "0002-\u4f7f\u7528\u5f53\u524d\u7a33\u5b9a\u7248\u672c (5.6).md", "mtime": 1450281413.0, "mode": "file", "name": "0002-shiyongdangqianwendingbanben (5.6).md"}, {"path": "php/PHPzhidao/0001-rumenzhinan/0003-neizhidi web fuwuqi.md", "rname": "0003-\u5185\u7f6e\u7684 web \u670d\u52a1\u5668.md", "mtime": 1450281413.0, "mode": "file", "name": "0003-neizhidi web fuwuqi.md"}, {"path": "php/PHPzhidao/0001-rumenzhinan/0004-Mac anzhuang.md", "rname": "0004-Mac \u5b89\u88c5.md", "mtime": 1450281413.0, "mode": "file", "name": "0004-Mac anzhuang.md"}, {"path": "php/PHPzhidao/0001-rumenzhinan/0005-Windows anzhuang.md", "rname": "0005-Windows \u5b89\u88c5.md", "mtime": 1450281413.0, "mode": "file", "name": "0005-Windows anzhuang.md"}], "rname": "0001-\u5165\u95e8\u6307\u5357", "name": "0001-rumenzhinan", "mode": "tree", "mtime": 1450281413.0, "path": "php/PHPzhidao/0001-rumenzhinan"}