{"files": [{"path": "php/PHPzhidao/0009-cuowuyuyichang/0001-cuowuyuyichang.md", "rname": "0001-\u9519\u8bef\u4e0e\u5f02\u5e38.md", "mtime": 1431240221.0, "mode": "file", "name": "0001-cuowuyuyichang.md"}, {"path": "php/PHPzhidao/0009-cuowuyuyichang/0002-cuowu.md", "rname": "0002-\u9519\u8bef.md", "mtime": 1431240221.0, "mode": "file", "name": "0002-cuowu.md"}, {"path": "php/PHPzhidao/0009-cuowuyuyichang/0003-yichang.md", "rname": "0003-\u5f02\u5e38.md", "mtime": 1431240221.0, "mode": "file", "name": "0003-yichang.md"}], "rname": "0009-\u9519\u8bef\u4e0e\u5f02\u5e38", "name": "0009-cuowuyuyichang", "mode": "tree", "mtime": 1431240221.0, "path": "php/PHPzhidao/0009-cuowuyuyichang"}