{"files": [{"path": "php/PHPzhidao/0016-ziyuan/0002-PHP guanfang.md", "rname": "0002-PHP \u5b98\u65b9.md", "mtime": 1450281413.0, "mode": "file", "name": "0002-PHP guanfang.md"}, {"path": "php/PHPzhidao/0016-ziyuan/0003-zhideguanzhudidaniu.md", "rname": "0003-\u503c\u5f97\u5173\u6ce8\u7684\u5927\u725b.md", "mtime": 1450281413.0, "mode": "file", "name": "0003-zhideguanzhudidaniu.md"}, {"path": "php/PHPzhidao/0016-ziyuan/0004-zhidao.md", "rname": "0004-\u6307\u5bfc.md", "mtime": 1450281413.0, "mode": "file", "name": "0004-zhidao.md"}, {"path": "php/PHPzhidao/0016-ziyuan/0005-PHP di Paas tigongshang.md", "rname": "0005-PHP \u7684 Paas \u63d0\u4f9b\u5546.md", "mtime": 1450281413.0, "mode": "file", "name": "0005-PHP di Paas tigongshang.md"}, {"path": "php/PHPzhidao/0016-ziyuan/0006-kuangjia.md", "rname": "0006-\u6846\u67b6.md", "mtime": 1450281413.0, "mode": "file", "name": "0006-kuangjia.md"}, {"path": "php/PHPzhidao/0016-ziyuan/0007-zujian.md", "rname": "0007-\u7ec4\u4ef6.md", "mtime": 1450281413.0, "mode": "file", "name": "0007-zujian.md"}, {"path": "php/PHPzhidao/0016-ziyuan/0008-qitayouyongdiziyuan.md", "rname": "0008-\u5176\u4ed6\u6709\u7528\u7684\u8d44\u6e90.md", "mtime": 1450281413.0, "mode": "file", "name": "0008-qitayouyongdiziyuan.md"}, {"path": "php/PHPzhidao/0016-ziyuan/0009-Video Tutorials.md", "rname": "0009-Video Tutorials.md", "mtime": 1450281413.0, "mode": "file", "name": "0009-Video Tutorials.md"}, {"path": "php/PHPzhidao/0016-ziyuan/0010-shuji.md", "rname": "0010-\u4e66\u7c4d.md", "mtime": 1450281413.0, "mode": "file", "name": "0010-shuji.md"}], "rname": "0016-\u8d44\u6e90", "name": "0016-ziyuan", "mode": "tree", "mtime": 1450281413.0, "path": "php/PHPzhidao/0016-ziyuan"}