{"files": [{"path": "php/PHPzhidao/0012-fuwuqiyubushu/0001-fuwuqiyubushu.md", "rname": "0001-\u670d\u52a1\u5668\u4e0e\u90e8\u7f72.md", "mtime": 1450281413.0, "mode": "file", "name": "0001-fuwuqiyubushu.md"}, {"path": "php/PHPzhidao/0012-fuwuqiyubushu/0002-Platform as a Service (PaaS).md", "rname": "0002-Platform as a Service (PaaS).md", "mtime": 1450281413.0, "mode": "file", "name": "0002-Platform as a Service (PaaS).md"}, {"path": "php/PHPzhidao/0012-fuwuqiyubushu/0003-xunihuozhuanyongfuwuqi.md", "rname": "0003-\u865a\u62df\u6216\u4e13\u7528\u670d\u52a1\u5668.md", "mtime": 1450281413.0, "mode": "file", "name": "0003-xunihuozhuanyongfuwuqi.md"}, {"path": "php/PHPzhidao/0012-fuwuqiyubushu/0004-gongxiangzhuji.md", "rname": "0004-\u5171\u4eab\u4e3b\u673a.md", "mtime": 1450281413.0, "mode": "file", "name": "0004-gongxiangzhuji.md"}, {"path": "php/PHPzhidao/0012-fuwuqiyubushu/0005-goujianjibushuyingyong.md", "rname": "0005-\u6784\u5efa\u53ca\u90e8\u7f72\u5e94\u7528.md", "mtime": 1450281413.0, "mode": "file", "name": "0005-goujianjibushuyingyong.md"}], "rname": "0012-\u670d\u52a1\u5668\u4e0e\u90e8\u7f72", "name": "0012-fuwuqiyubushu", "mode": "tree", "mtime": 1450281413.0, "path": "php/PHPzhidao/0012-fuwuqiyubushu"}