{"files": [{"path": "php/PHPzhidao/0010-Security/0001-Security.md", "rname": "0001-Security.md", "mtime": 1426220432.0, "mode": "file", "name": "0001-Security.md"}, {"path": "php/PHPzhidao/0010-Security/0002-Web Application Security.md", "rname": "0002-Web Application Security.md", "mtime": 1426220432.0, "mode": "file", "name": "0002-Web Application Security.md"}, {"path": "php/PHPzhidao/0010-Security/0003-mimahaxi.md", "rname": "0003-\u5bc6\u7801\u54c8\u5e0c.md", "mtime": 1426220432.0, "mode": "file", "name": "0003-mimahaxi.md"}, {"path": "php/PHPzhidao/0010-Security/0004-Data Filtering.md", "rname": "0004-Data Filtering.md", "mtime": 1426220432.0, "mode": "file", "name": "0004-Data Filtering.md"}, {"path": "php/PHPzhidao/0010-Security/0005-Configuration Files.md", "rname": "0005-Configuration Files.md", "mtime": 1426220432.0, "mode": "file", "name": "0005-Configuration Files.md"}, {"path": "php/PHPzhidao/0010-Security/0006-Register Globals.md", "rname": "0006-Register Globals.md", "mtime": 1426220432.0, "mode": "file", "name": "0006-Register Globals.md"}, {"path": "php/PHPzhidao/0010-Security/0007-Error Reporting.md", "rname": "0007-Error Reporting.md", "mtime": 1426220432.0, "mode": "file", "name": "0007-Error Reporting.md"}], "rname": "0010-Security", "name": "0010-Security", "mode": "tree", "mtime": 1426220432.0, "path": "php/PHPzhidao/0010-Security"}