{"files": [{"path": "php/PHPzhidao/0012-Servers and Deployment/0001-Servers and Deployment.md", "rname": "0001-Servers and Deployment.md", "mtime": 1426813720.0, "mode": "file", "name": "0001-Servers and Deployment.md"}, {"path": "php/PHPzhidao/0012-Servers and Deployment/0002-Platform as a Service (PaaS).md", "rname": "0002-Platform as a Service (PaaS).md", "mtime": 1426813720.0, "mode": "file", "name": "0002-Platform as a Service (PaaS).md"}, {"path": "php/PHPzhidao/0012-Servers and Deployment/0003-Virtual or Dedicated Servers.md", "rname": "0003-Virtual or Dedicated Servers.md", "mtime": 1426813720.0, "mode": "file", "name": "0003-Virtual or Dedicated Servers.md"}, {"path": "php/PHPzhidao/0012-Servers and Deployment/0004-Shared Servers.md", "rname": "0004-Shared Servers.md", "mtime": 1426813720.0, "mode": "file", "name": "0004-Shared Servers.md"}, {"path": "php/PHPzhidao/0012-Servers and Deployment/0005-Building and Deploying your Application.md", "rname": "0005-Building and Deploying your Application.md", "mtime": 1426813720.0, "mode": "file", "name": "0005-Building and Deploying your Application.md"}], "rname": "0012-Servers and Deployment", "name": "0012-Servers and Deployment", "mode": "tree", "mtime": 1426813720.0, "path": "php/PHPzhidao/0012-Servers and Deployment"}