{"files": [{"path": "php/PHPzhidao/0017-shequ/0001-shequ.md", "rname": "0001-\u793e\u533a.md", "mtime": 1428132138.0, "mode": "file", "name": "0001-shequ.md"}, {"path": "php/PHPzhidao/0017-shequ/0002-PHP yonghuqun.md", "rname": "0002-PHP \u7528\u6237\u7fa4.md", "mtime": 1428132138.0, "mode": "file", "name": "0002-PHP yonghuqun.md"}, {"path": "php/PHPzhidao/0017-shequ/0003-PHP huiyi.md", "rname": "0003-PHP \u4f1a\u8bae.md", "mtime": 1428132138.0, "mode": "file", "name": "0003-PHP huiyi.md"}], "rname": "0017-\u793e\u533a", "name": "0017-shequ", "mode": "tree", "mtime": 1428132138.0, "path": "php/PHPzhidao/0017-shequ"}