{"files": [{"path": "php/PHPzhidao/0011-ceshi/0001-ceshi.md", "rname": "0001-\u6d4b\u8bd5.md", "mtime": 1450281413.0, "mode": "file", "name": "0001-ceshi.md"}, {"path": "php/PHPzhidao/0011-ceshi/0002-ceshiqudongkaifa.md", "rname": "0002-\u6d4b\u8bd5\u9a71\u52a8\u5f00\u53d1.md", "mtime": 1450281413.0, "mode": "file", "name": "0002-ceshiqudongkaifa.md"}, {"path": "php/PHPzhidao/0011-ceshi/0003-hangweiqudongkaifa.md", "rname": "0003-\u884c\u4e3a\u9a71\u52a8\u5f00\u53d1.md", "mtime": 1450281413.0, "mode": "file", "name": "0003-hangweiqudongkaifa.md"}, {"path": "php/PHPzhidao/0011-ceshi/0004-qitaceshigongju.md", "rname": "0004-\u5176\u4ed6\u6d4b\u8bd5\u5de5\u5177.md", "mtime": 1450281413.0, "mode": "file", "name": "0004-qitaceshigongju.md"}], "rname": "0011-\u6d4b\u8bd5", "name": "0011-ceshi", "mode": "tree", "mtime": 1450281413.0, "path": "php/PHPzhidao/0011-ceshi"}