{"files": [{"path": "php/PHPzhidao/0015-wendangzhuanxie/0001-wendangzhuanxie.md", "rname": "0001-\u6587\u6863\u64b0\u5199.md", "mtime": 1431240221.0, "mode": "file", "name": "0001-wendangzhuanxie.md"}, {"path": "php/PHPzhidao/0015-wendangzhuanxie/0002-PHPDoc.md", "rname": "0002-PHPDoc.md", "mtime": 1431240221.0, "mode": "file", "name": "0002-PHPDoc.md"}], "rname": "0015-\u6587\u6863\u64b0\u5199", "name": "0015-wendangzhuanxie", "mode": "tree", "mtime": 1431240221.0, "path": "php/PHPzhidao/0015-wendangzhuanxie"}