{"files": [{"path": "php/PHPzhidao/0010-anquan/0002-Web yingyongchengxuanquan.md", "rname": "0002-Web \u5e94\u7528\u7a0b\u5e8f\u5b89\u5168.md", "mtime": 1450281413.0, "mode": "file", "name": "0002-Web yingyongchengxuanquan.md"}, {"path": "php/PHPzhidao/0010-anquan/0003-mimahaxi.md", "rname": "0003-\u5bc6\u7801\u54c8\u5e0c.md", "mtime": 1450281413.0, "mode": "file", "name": "0003-mimahaxi.md"}, {"path": "php/PHPzhidao/0010-anquan/0004-shujuguolv.md", "rname": "0004-\u6570\u636e\u8fc7\u6ee4.md", "mtime": 1450281413.0, "mode": "file", "name": "0004-shujuguolv.md"}, {"path": "php/PHPzhidao/0010-anquan/0005-peizhiwenjian.md", "rname": "0005-\u914d\u7f6e\u6587\u4ef6.md", "mtime": 1450281413.0, "mode": "file", "name": "0005-peizhiwenjian.md"}, {"path": "php/PHPzhidao/0010-anquan/0006-zhucequanjubianliang.md", "rname": "0006-\u6ce8\u518c\u5168\u5c40\u53d8\u91cf.md", "mtime": 1450281413.0, "mode": "file", "name": "0006-zhucequanjubianliang.md"}, {"path": "php/PHPzhidao/0010-anquan/0007-cuowubaogao.md", "rname": "0007-\u9519\u8bef\u62a5\u544a.md", "mtime": 1450281413.0, "mode": "file", "name": "0007-cuowubaogao.md"}], "rname": "0010-\u5b89\u5168", "name": "0010-anquan", "mode": "tree", "mtime": 1450281413.0, "path": "php/PHPzhidao/0010-anquan"}