{"files": [{"path": "php/PHPzhidao/0014-huancun/0001-huancun.md", "rname": "0001-\u7f13\u5b58.md", "mtime": 1450281413.0, "mode": "file", "name": "0001-huancun.md"}, {"path": "php/PHPzhidao/0014-huancun/0002-Opcode huancun.md", "rname": "0002-Opcode \u7f13\u5b58.md", "mtime": 1450281413.0, "mode": "file", "name": "0002-Opcode huancun.md"}, {"path": "php/PHPzhidao/0014-huancun/0003-duixianghuancun.md", "rname": "0003-\u5bf9\u8c61\u7f13\u5b58.md", "mtime": 1450281413.0, "mode": "file", "name": "0003-duixianghuancun.md"}], "rname": "0014-\u7f13\u5b58", "name": "0014-huancun", "mode": "tree", "mtime": 1450281413.0, "path": "php/PHPzhidao/0014-huancun"}