{"files": [{"path": "php/PHPzhidao/0003-yuyanliangdian/0002-bianchengfanshi.md", "rname": "0002-\u7f16\u7a0b\u8303\u5f0f.md", "mtime": 1450281413.0, "mode": "file", "name": "0002-bianchengfanshi.md"}, {"path": "php/PHPzhidao/0003-yuyanliangdian/0003-mingmingkongjian.md", "rname": "0003-\u547d\u540d\u7a7a\u95f4.md", "mtime": 1450281413.0, "mode": "file", "name": "0003-mingmingkongjian.md"}, {"path": "php/PHPzhidao/0003-yuyanliangdian/0004-PHP biaozhunku.md", "rname": "0004-PHP \u6807\u51c6\u5e93.md", "mtime": 1450281413.0, "mode": "file", "name": "0004-PHP biaozhunku.md"}, {"path": "php/PHPzhidao/0003-yuyanliangdian/0005-minglinghangjiekou.md", "rname": "0005-\u547d\u4ee4\u884c\u63a5\u53e3.md", "mtime": 1450281413.0, "mode": "file", "name": "0005-minglinghangjiekou.md"}, {"path": "php/PHPzhidao/0003-yuyanliangdian/0006-Xdebug.md", "rname": "0006-Xdebug.md", "mtime": 1450281413.0, "mode": "file", "name": "0006-Xdebug.md"}], "rname": "0003-\u8bed\u8a00\u4eae\u70b9", "name": "0003-yuyanliangdian", "mode": "tree", "mtime": 1450281413.0, "path": "php/PHPzhidao/0003-yuyanliangdian"}