{"files": [{"path": "php/PHPzhidao/0013-Virtualization/0001-Virtualization.md", "rname": "0001-Virtualization.md", "mtime": 1426220432.0, "mode": "file", "name": "0001-Virtualization.md"}, {"path": "php/PHPzhidao/0013-Virtualization/0002-Vagrant.md", "rname": "0002-Vagrant.md", "mtime": 1426220432.0, "mode": "file", "name": "0002-Vagrant.md"}, {"path": "php/PHPzhidao/0013-Virtualization/0003-Docker.md", "rname": "0003-Docker.md", "mtime": 1426220432.0, "mode": "file", "name": "0003-Docker.md"}], "rname": "0013-Virtualization", "name": "0013-Virtualization", "mode": "tree", "mtime": 1426220432.0, "path": "php/PHPzhidao/0013-Virtualization"}