{"files": [{"path": "php/PHPzhidao/0008-Templating/0001-Templating.md", "rname": "0001-Templating.md", "mtime": 1428132138.0, "mode": "file", "name": "0001-Templating.md"}, {"path": "php/PHPzhidao/0008-Templating/0002-haochu.md", "rname": "0002-\u597d\u5904.md", "mtime": 1428132138.0, "mode": "file", "name": "0002-haochu.md"}, {"path": "php/PHPzhidao/0008-Templating/0003-yuansheng PHP moban.md", "rname": "0003-\u539f\u751f PHP \u6a21\u677f.md", "mtime": 1428132138.0, "mode": "file", "name": "0003-yuansheng PHP moban.md"}, {"path": "php/PHPzhidao/0008-Templating/0004-bianyimoban.md", "rname": "0004-\u7f16\u8bd1\u6a21\u677f.md", "mtime": 1428132138.0, "mode": "file", "name": "0004-bianyimoban.md"}, {"path": "php/PHPzhidao/0008-Templating/0005-yanshenyuedu.md", "rname": "0005-\u5ef6\u4f38\u9605\u8bfb.md", "mtime": 1428132138.0, "mode": "file", "name": "0005-yanshenyuedu.md"}], "rname": "0008-Templating", "name": "0008-Templating", "mode": "tree", "mtime": 1428132138.0, "path": "php/PHPzhidao/0008-Templating"}