{"files": [{"path": "php/PHPzhidao/0001-rumenzhinan", "rname": "0001-\u5165\u95e8\u6307\u5357", "mtime": 1426220432.0, "mode": "tree", "name": "0001-rumenzhinan"}, {"path": "php/PHPzhidao/0002-daimafenggezhinan", "rname": "0002-\u4ee3\u7801\u98ce\u683c\u6307\u5357", "mtime": 1426220432.0, "mode": "tree", "name": "0002-daimafenggezhinan"}, {"path": "php/PHPzhidao/0003-yuyanliangdian", "rname": "0003-\u8bed\u8a00\u4eae\u70b9", "mtime": 1426220432.0, "mode": "tree", "name": "0003-yuyanliangdian"}, {"path": "php/PHPzhidao/0004-yilaiguanli", "rname": "0004-\u4f9d\u8d56\u7ba1\u7406", "mtime": 1426220432.0, "mode": "tree", "name": "0004-yilaiguanli"}, {"path": "php/PHPzhidao/0005-kaifashijian", "rname": "0005-\u5f00\u53d1\u5b9e\u8df5", "mtime": 1426220432.0, "mode": "tree", "name": "0005-kaifashijian"}, {"path": "php/PHPzhidao/0006-yilaizhuru", "rname": "0006-\u4f9d\u8d56\u6ce8\u5165", "mtime": 1426220432.0, "mode": "tree", "name": "0006-yilaizhuru"}, {"path": "php/PHPzhidao/0007-Databases", "rname": "0007-Databases", "mtime": 1426220432.0, "mode": "tree", "name": "0007-Databases"}, {"path": "php/PHPzhidao/0008-Templating", "rname": "0008-Templating", "mtime": 1426220432.0, "mode": "tree", "name": "0008-Templating"}, {"path": "php/PHPzhidao/0009-Errors and Exceptions", "rname": "0009-Errors and Exceptions", "mtime": 1426220432.0, "mode": "tree", "name": "0009-Errors and Exceptions"}, {"path": "php/PHPzhidao/0010-Security", "rname": "0010-Security", "mtime": 1426220432.0, "mode": "tree", "name": "0010-Security"}, {"path": "php/PHPzhidao/0011-Testing", "rname": "0011-Testing", "mtime": 1426220432.0, "mode": "tree", "name": "0011-Testing"}, {"path": "php/PHPzhidao/0012-Servers and Deployment", "rname": "0012-Servers and Deployment", "mtime": 1426220432.0, "mode": "tree", "name": "0012-Servers and Deployment"}, {"path": "php/PHPzhidao/0013-Virtualization", "rname": "0013-Virtualization", "mtime": 1426220432.0, "mode": "tree", "name": "0013-Virtualization"}, {"path": "php/PHPzhidao/0014-huancun", "rname": "0014-\u7f13\u5b58", "mtime": 1426220432.0, "mode": "tree", "name": "0014-huancun"}, {"path": "php/PHPzhidao/0015-Documenting your Code", "rname": "0015-Documenting your Code", "mtime": 1426220432.0, "mode": "tree", "name": "0015-Documenting your Code"}, {"path": "php/PHPzhidao/0016-ziyuan", "rname": "0016-\u8d44\u6e90", "mtime": 1426220432.0, "mode": "tree", "name": "0016-ziyuan"}, {"path": "php/PHPzhidao/0017-Community", "rname": "0017-Community", "mtime": 1426220432.0, "mode": "tree", "name": "0017-Community"}], "rname": "PHP\u4e4b\u9053", "name": "PHPzhidao", "mode": "tree", "mtime": 1426220537.0, "path": "php/PHPzhidao"}