{"files": [{"path": "php/PHPzhidao/0013-xunihuajishu/0001-xunihuajishu.md", "rname": "0001-\u865a\u62df\u5316\u6280\u672f.md", "mtime": 1450281413.0, "mode": "file", "name": "0001-xunihuajishu.md"}, {"path": "php/PHPzhidao/0013-xunihuajishu/0002-Vagrant jianjie.md", "rname": "0002-Vagrant \u7b80\u4ecb.md", "mtime": 1450281413.0, "mode": "file", "name": "0002-Vagrant jianjie.md"}, {"path": "php/PHPzhidao/0013-xunihuajishu/0003-Docker jianjie.md", "rname": "0003-Docker \u7b80\u4ecb.md", "mtime": 1450281413.0, "mode": "file", "name": "0003-Docker jianjie.md"}], "rname": "0013-\u865a\u62df\u5316\u6280\u672f", "name": "0013-xunihuajishu", "mode": "tree", "mtime": 1450281413.0, "path": "php/PHPzhidao/0013-xunihuajishu"}