{"files": [{"path": "php/PHPzhidao/0004-yilaiguanli/0001-yilaiguanli.md", "rname": "0001-\u4f9d\u8d56\u7ba1\u7406.md", "mtime": 1426220432.0, "mode": "file", "name": "0001-yilaiguanli.md"}, {"path": "php/PHPzhidao/0004-yilaiguanli/0002-Composer yu Packagist.md", "rname": "0002-Composer \u4e0e Packagist.md", "mtime": 1426220432.0, "mode": "file", "name": "0002-Composer yu Packagist.md"}, {"path": "php/PHPzhidao/0004-yilaiguanli/0003-PEAR.md", "rname": "0003-PEAR.md", "mtime": 1426220432.0, "mode": "file", "name": "0003-PEAR.md"}], "rname": "0004-\u4f9d\u8d56\u7ba1\u7406", "name": "0004-yilaiguanli", "mode": "tree", "mtime": 1426220432.0, "path": "php/PHPzhidao/0004-yilaiguanli"}